￥79.00,300+条评价,阅轩图书专营店,python编程 从入门到实践 零基础学python3.5 pathon核心技术网络爬虫书籍
跨店每满300减30 (4.9-4.11),Python编程从入门到实践python3.0绝技核心编程基础教程网络爬虫入门书籍,800+条评价,￥55.80
￥39.10,1条评价,古的旧书图书专营店,自己动手写网络爬虫-修订版 正版书籍 新华书店发货 二手99新
￥97.50,20+条评价,蓝墨水图书专营店,包邮 玩转Django 2.0+玩转Python网络爬虫书籍 黄永祥 区域包邮基于Python3从零基础到项目实战书籍深入剖析Django2.0书籍
￥46.60,0条评价,古的旧书图书专营店,精通Scrapy网络爬虫 正版书籍 新华书店发货 二手99新 开学季 感恩回馈，特惠专场，点击进入。
￥45.70,0条评价,布客旧书专营店,精通Scrapy网络爬虫 正版书籍 新华书店发货 二手99新
￥28.70,0条评价,古的旧书图书专营店,奇妙的爬虫 正版书籍 新华书店发货 二手99新
￥90.00,20+条评价,北京金鼎祥图书专营店,【假一罚十】流畅的Python python进阶书籍 计算机编程语言 数据分析从入门到实践核心
￥54.50,0条评价,古的旧书图书专营店,玩转Python网络爬虫 正版书籍 新华书店发货 二手99新 开学季 感恩回馈，特惠专场，点击进入。
￥49.60,0条评价,古的旧书图书专营店,从零开始学Python网络爬虫 正版书籍 新华书店发货 二手99新 开学季 感恩回馈，特惠专场，点击进入。
￥35.40,0条评价,布客旧书专营店,自己动手写网络爬虫 正版书籍 新华书店发货 二手99新
￥36.80,10+条评价,蓝墨水图书专营店,解析Python网络爬虫 核心技术 Scrapy框架 分布式爬虫书籍 Python网络爬虫程序编写技术教程 Redis缓存技术 Scrapy技术教程书籍
￥12.80,0条评价,古的旧书图书专营店,我的D一本花园爬虫书 正版书籍 新华书店发货 二手99新
￥12.80,0条评价,布客旧书专营店,我的D一本花园爬虫书 正版书籍 新华书店发货 二手99新
￥78.20,1.7万+条评价,人民邮电出版社,Python 3网络爬虫开发实战 博客文章访问量过百万的博主倾力打造，教你学会如何用Python 3开发爬虫
￥41.44,1条评价,北京金鼎祥图书专营店,【正版包邮】 Python游戏编程入门 游戏开发 Python3爬虫数据分析编程教程 程序设计
￥15.00,0条评价,古的旧书图书专营店,波特莱尔大冒险?可怕的爬虫屋 正版书籍 新华书店发货 二手99新 开学季 以阅读开启智慧，让智慧点亮未来！正版书籍，点击进入
￥39.20,30+条评价,蓝墨水图书专营店,Python编程无师自通 专业程序员的养成 Python3网络爬虫开发教程书籍 点击购买套装书查看Python 3网络爬虫开发实战+Python编程无师自通
￥48.10,0条评价,布客旧书专营店,Python网络爬虫实战 正版书籍 新华书店发货 二手99新
￥21.00,0条评价,古的旧书图书专营店,神奇动物档案-爬虫世界 正版书籍 新华书店发货 二手99新
￥20.60,0条评价,布客旧书专营店,神奇动物档案-爬虫世界 正版书籍 新华书店发货 二手99新
￥48.10,0条评价,古的旧书图书专营店,Python网络爬虫实战 正版书籍 新华书店发货 二手99新 开学季 感恩回馈，特惠专场，点击进入。
￥37.70,0条评价,古的旧书图书专营店,用Python写网络爬虫（第2版） 正版书籍 新华书店发货 二手99新 开学季 感恩回馈，特惠专场，点击进入。
￥42.41,0条评价,北京金鼎祥图书专营店,正版 Python网络爬虫从入门到实践/计算机网络爬虫基础入门到精通/书籍
￥39.10,0条评价,布客旧书专营店,自己动手写网络爬虫-修订版 正版书籍 新华书店发货 二手99新
￥51.80,0条评价,兰兴达图书专营店,包邮 玩转Python网络爬虫 黄永祥 著 程序设计Python网络爬虫书籍 清华大学出版社
￥74.20,0条评价,古的旧书图书专营店,PYTHON3网络爬虫开发实战 正版书籍 新华书店发货 二手99新
￥73.90,0条评价,布客旧书专营店,PYTHON3网络爬虫开发实战 正版书籍 新华书店发货 二手99新
￥61.20,0条评价,布客旧书专营店,Python网络爬虫实战(D2版) 正版书籍 新华书店发货 二手99新
￥19.60,0条评价,古的旧书图书专营店,爬虫/玩转折纸 正版书籍 新华书店发货 二手99新 开学季 感恩回馈，特惠专场，点击进入。
￥79.00,300+条评价,阅轩图书专营店,python编程 从入门到实践 零基础学python3.5 pathon核心技术网络爬虫书籍
跨店每满300减30 (4.9-4.11),Python编程从入门到实践python3.0绝技核心编程基础教程网络爬虫入门书籍,800+条评价,￥55.80
￥39.10,1条评价,古的旧书图书专营店,自己动手写网络爬虫-修订版 正版书籍 新华书店发货 二手99新
￥79.00,300+条评价,阅轩图书专营店,python编程 从入门到实践 零基础学python3.5 pathon核心技术网络爬虫书籍
跨店每满300减30 (4.9-4.11),Python编程从入门到实践python3.0绝技核心编程基础教程网络爬虫入门书籍,800+条评价,￥55.80
￥39.10,1条评价,古的旧书图书专营店,自己动手写网络爬虫-修订版 正版书籍 新华书店发货 二手99新
￥97.50,20+条评价,蓝墨水图书专营店,包邮 玩转Django 2.0+玩转Python网络爬虫书籍 黄永祥 区域包邮基于Python3从零基础到项目实战书籍深入剖析Django2.0书籍
￥46.60,0条评价,古的旧书图书专营店,精通Scrapy网络爬虫 正版书籍 新华书店发货 二手99新 开学季 感恩回馈，特惠专场，点击进入。
￥45.70,0条评价,布客旧书专营店,精通Scrapy网络爬虫 正版书籍 新华书店发货 二手99新
￥28.70,0条评价,古的旧书图书专营店,奇妙的爬虫 正版书籍 新华书店发货 二手99新
￥54.50,0条评价,古的旧书图书专营店,玩转Python网络爬虫 正版书籍 新华书店发货 二手99新 开学季 感恩回馈，特惠专场，点击进入。
￥49.60,0条评价,古的旧书图书专营店,从零开始学Python网络爬虫 正版书籍 新华书店发货 二手99新 开学季 感恩回馈，特惠专场，点击进入。
￥35.40,0条评价,布客旧书专营店,自己动手写网络爬虫 正版书籍 新华书店发货 二手99新
￥36.80,10+条评价,蓝墨水图书专营店,解析Python网络爬虫 核心技术 Scrapy框架 分布式爬虫书籍 Python网络爬虫程序编写技术教程 Redis缓存技术 Scrapy技术教程书籍
￥12.80,0条评价,古的旧书图书专营店,我的D一本花园爬虫书 正版书籍 新华书店发货 二手99新
￥12.80,0条评价,布客旧书专营店,我的D一本花园爬虫书 正版书籍 新华书店发货 二手99新
￥78.20,1.7万+条评价,人民邮电出版社,Python 3网络爬虫开发实战 博客文章访问量过百万的博主倾力打造，教你学会如何用Python 3开发爬虫
￥15.00,0条评价,古的旧书图书专营店,波特莱尔大冒险?可怕的爬虫屋 正版书籍 新华书店发货 二手99新 开学季 以阅读开启智慧，让智慧点亮未来！正版书籍，点击进入
￥39.20,30+条评价,蓝墨水图书专营店,Python编程无师自通 专业程序员的养成 Python3网络爬虫开发教程书籍 点击购买套装书查看Python 3网络爬虫开发实战+Python编程无师自通
￥48.10,0条评价,布客旧书专营店,Python网络爬虫实战 正版书籍 新华书店发货 二手99新
￥21.00,0条评价,古的旧书图书专营店,神奇动物档案-爬虫世界 正版书籍 新华书店发货 二手99新
￥20.60,0条评价,布客旧书专营店,神奇动物档案-爬虫世界 正版书籍 新华书店发货 二手99新
￥48.10,0条评价,古的旧书图书专营店,Python网络爬虫实战 正版书籍 新华书店发货 二手99新 开学季 感恩回馈，特惠专场，点击进入。
￥37.70,0条评价,古的旧书图书专营店,用Python写网络爬虫（第2版） 正版书籍 新华书店发货 二手99新 开学季 感恩回馈，特惠专场，点击进入。
￥39.10,0条评价,布客旧书专营店,自己动手写网络爬虫-修订版 正版书籍 新华书店发货 二手99新
￥51.80,0条评价,兰兴达图书专营店,包邮 玩转Python网络爬虫 黄永祥 著 程序设计Python网络爬虫书籍 清华大学出版社
￥74.20,0条评价,古的旧书图书专营店,PYTHON3网络爬虫开发实战 正版书籍 新华书店发货 二手99新
￥73.90,0条评价,布客旧书专营店,PYTHON3网络爬虫开发实战 正版书籍 新华书店发货 二手99新
￥61.20,0条评价,布客旧书专营店,Python网络爬虫实战(D2版) 正版书籍 新华书店发货 二手99新
￥19.60,0条评价,古的旧书图书专营店,爬虫/玩转折纸 正版书籍 新华书店发货 二手99新 开学季 感恩回馈，特惠专场，点击进入。
￥62.40,0条评价,古的旧书图书专营店,Python网络爬虫实战(D2版) 正版书籍 新华书店发货 二手99新
￥99.00,3条评价,书海寻梦图书专营店,包邮玩转Django 2.0+玩转Python网络爬虫书籍 黄永祥2本 区域包邮基于Python3从零基础到项目实战书籍深入剖析Django2.0书籍
￥95.60,0条评价,蓝墨水图书专营店,包邮Python网络爬虫权威指南 第2版+用Python写网络爬虫书籍 预售 区域包邮Python3网络爬虫开发实战精通Python爬虫框架Scrapy数据采集分析技术书籍
￥79.00,300+条评价,阅轩图书专营店,python编程 从入门到实践 零基础学python3.5 pathon核心技术网络爬虫书籍
跨店每满300减30 (4.9-4.11),Python编程从入门到实践python3.0绝技核心编程基础教程网络爬虫入门书籍,800+条评价,￥55.80
￥39.10,1条评价,古的旧书图书专营店,自己动手写网络爬虫-修订版 正版书籍 新华书店发货 二手99新
￥97.50,20+条评价,蓝墨水图书专营店,包邮 玩转Django 2.0+玩转Python网络爬虫书籍 黄永祥 区域包邮基于Python3从零基础到项目实战书籍深入剖析Django2.0书籍
￥46.60,0条评价,古的旧书图书专营店,精通Scrapy网络爬虫 正版书籍 新华书店发货 二手99新 开学季 感恩回馈，特惠专场，点击进入。
